,id,user_id,nick,picture,about,gender
0,1,1,joker,accounts/sunday00/vSuNgbYY.jpg,symbol of chaos,male
1,2,4,monday,accounts/monday/RIOVCCpv.jpg,,N
2,3,5,tuesday,accounts/tuesday/VMPKrpNL.jpg,,N
3,5,71,Mark2128,,,female
4,6,72,Kelly4122,,,female
5,7,73,Theresa6879,,,female
6,8,74,Karen4783,,,female
7,9,75,Rickey5258,,,female
8,10,76,James5781,,,female
9,11,77,Donna3533,,,male
10,12,78,Sara2499,,,male
11,13,79,Russell386,,,male
12,14,80,Lauren7164,,,male
13,15,81,Samantha5934,,,female
14,16,82,Jesse2015,,,male
15,17,83,Matthew7497,,,male
16,18,84,Penny2892,,,female
17,19,85,Joseph3264,,,female
18,20,86,Nancy9315,,,male
19,21,87,Shawn573,,,female
20,22,88,Steven5632,,,male
21,23,89,Maria3742,,,female
22,24,90,Gina686,,,male
23,25,91,Spencer1965,,,female
24,26,92,Teresa8788,,,female
25,27,93,Jonathan4368,,,male
26,28,94,Debra2423,,,female
27,29,95,Robert8211,,,female
28,30,96,Travis9189,,,female
29,31,97,Melissa4793,,,male
30,32,98,Rebecca446,,,male
31,33,99,Jessica9569,,,male
32,34,100,Adam3158,,,female
33,35,101,Amy5742,,,male
34,36,102,Valerie3965,,,female
35,37,103,Christian2692,,,female
36,38,104,James6548,,,female
37,39,105,Scott1560,,,female
38,40,106,Wayne6684,,,male
39,41,107,Kristen602,,,female
40,42,108,John1889,,,male
41,43,109,Heidi5985,,,male
42,44,110,Jessica1323,,,female
43,45,111,Robin986,,,male
44,46,112,Jose6986,,,female
45,47,113,Latoya2713,,,female
46,48,114,Anthony9160,,,male
47,49,115,Chad3968,,,male
48,50,116,Vincent9615,,,female
49,51,117,Emily5290,,,male
50,52,118,Albert5359,,,male
51,53,119,Travis2030,,,female
52,54,120,Steven5177,,,male
53,55,121,William345,,,female
54,56,122,Ann6154,,,male
55,57,123,David2959,,,male
56,58,124,Angela6768,,,male
57,59,125,Emma6111,,,female
58,60,126,Diane2494,,,male
59,61,127,Joshua5757,,,female
60,62,128,Timothy4963,,,male
61,63,129,Jeffrey3769,,,female
62,64,130,Tyler9883,,,female
63,65,131,David5761,,,male
64,66,132,Robert3690,,,male
65,67,133,Kim8682,,,male
66,68,134,James1093,,,female
67,69,135,Gregory5976,,,male
68,70,136,Sarah9893,,,male
69,71,137,Jill1323,,,female
70,72,138,Angela7926,,,female
71,73,139,Edward9516,,,male
72,74,140,Elizabeth1293,,,female
73,75,141,Tyler4549,,,male
74,76,142,Darrell454,,,female
75,77,143,Joan3461,,,male
76,78,144,Andrew8172,,,female
77,79,145,Julia4507,,,female
78,80,146,Aaron9264,,,male
79,81,147,Larry4013,,,male
80,82,148,Emily5268,,,male
81,83,149,Shannon5208,,,female
82,84,150,Angelica4809,,,female
83,85,151,Meghan5599,,,female
84,86,152,John8255,,,male
85,87,153,Jennifer258,,,female
86,88,154,Paul8033,,,female
87,89,155,Joshua5970,,,male
88,90,156,Jessica3108,,,female
89,91,157,Diane1469,,,female
90,92,158,Tammie8158,,,male
91,93,159,Eugene6608,,,male
92,94,160,Nicholas8510,,,male
93,95,161,Lisa8737,,,female
94,96,162,Joseph692,,,male
95,97,163,Shelly2330,,,male
96,98,164,Kevin2839,,,male
97,99,165,Jill9129,,,male
98,100,166,Jacob776,,,female
99,101,167,Kathleen1253,,,male
100,102,168,Miranda5282,,,male
101,103,169,Kristin7967,,,female
102,104,170,Christine1721,,,male
103,105,171,Allison9716,,,female
104,106,172,Shannon4652,,,female
105,107,173,Caroline8495,,,male
106,108,174,Denise9021,,,male
107,109,175,Marvin2600,,,female
108,110,176,Michael1099,,,male
109,111,177,Janice1442,,,female
110,112,178,Cheryl271,,,female
111,113,179,Amy3829,,,female
112,114,180,Anna7626,,,female
113,115,181,Jessica813,,,male
114,116,182,Brian8113,,,female
115,117,183,Isabel127,,,female
116,118,184,James4265,,,male
117,119,185,Linda3403,,,female
118,120,186,Connor5081,,,female
119,121,187,Sean5370,,,female
120,122,188,Patrick1278,,,female
121,123,189,Christy9930,,,female
122,124,190,Ashley9365,,,male
